Resolution (NxN),Naive Time (s),NumPy Time (s),Numba Time (s)
100,0.028209447860717773,0.006740570068359375,0.0020551681518554688
300,0.22519612312316895,0.06037735939025879,0.02280735969543457
600,0.8657443523406982,0.2627742290496826,0.07318496704101562
1000,2.421900749206543,0.7994320392608643,0.18343257904052734
1500,5.336918830871582,1.9159715175628662,0.41537928581237793
