Resolution (NxN),Naive Time (s),NumPy Time (s),Numba Time (s),Speedup NumPy vs Naive,Speedup Numba vs Naive,Speedup Numba vs NumPy
100,0.025336027145385742,0.006398439407348633,0.004548072814941406,3.96,5.57,1.41
300,0.23795270919799805,0.05251884460449219,0.018170833587646484,4.53,13.1,2.89
600,1.1171464920043945,0.2621488571166992,0.07145977020263672,4.26,15.63,3.67
1000,2.667247772216797,0.7266240119934082,0.1868114471435547,3.67,14.28,3.89
1500,5.728438138961792,1.8613450527191162,0.41696858406066895,3.08,13.74,4.46
